"PROGRAMMER,FIVE","PROVIDER","AUG 15,1997","",
"PROGRAMMER,TWENTYSIX","PROVIDER","AUG 15,1997","",
"PROGRAMMER,TWENTYEIGHT","PROVIDER","AUG 15,1997","",
"PROVIDER,ONE","PROVIDER","AUG 15,1997","",
"PROVIDER,THREE","PROVIDER","AUG 15,1997","",
"PROVIDER,FIVE","PROVIDER","AUG 15,1997","",
"PROVIDER,EIGHT","PROVIDER","AUG 15,1997","",
"PROVIDER,NINE","PROVIDER","AUG 15,1997","",
"PROVIDER,TEN","PROVIDER","AUG 15,1997","",
"PROVIDER,ELEVEN","PROVIDER","AUG 15,1997","",
"PROVIDER,TWELVE","PROVIDER","AUG 15,1997","",
"PROVIDER,THIRTEEN","PROVIDER","AUG 15,1997","",
"PROVIDER,SIXTEEN","PROVIDER","AUG 15,1997","",
"RESIDENT,ONE","PROVIDER","AUG 15,1997","",
"PROVIDER,SEVENTEEN","PROVIDER","AUG 15,1997","",
"PROVIDER,NINETEEN","PROVIDER","AUG 15,1997","",
"MEDICINE,AV","PROVIDER","AUG 15,1997","",
"PROVIDER,TWENTYNINE","PROVIDER","AUG 15,1997","",
"PROVIDER,FIFTYTHREE","PROVIDER","AUG 15,1997","",
"PROVIDER,FIFTYFOUR","PROVIDER","AUG 15,1997","",
"PROVIDER,SIXTYFIVE","PROVIDER","AUG 15,1997","",
"PROVIDER,SEVENTY","PROVIDER","AUG 15,1997","",
"WARDCLERK,TWENTYTWO","PROVIDER","AUG 15,1997","MAR 17,1999",
"WARDCLERK,FIFTYTHREE","PROVIDER","AUG 15,1997","",
"WARDCLERK,FIFTYFOUR","PROVIDER","AUG 15,1997","",
"WARDCLERK,FIFTYSIX","PROVIDER","AUG 15,1997","",
"KERNEL,TEST","PROVIDER","AUG 15,1997","",
"WARDCLERK,FIFTYEIGHT","PROVIDER","AUG 15,1997","",
"WARDCLERK,FIFTYNINE","PROVIDER","AUG 15,1997","",
"WARDCLERK,SIXTY","PROVIDER","AUG 15,1997","",
"PROVIDER,TEST","PROVIDER","AUG 15,1997","",
"ACCESS,NEW","PROVIDER","AUG 15,1997","",
"WARDCLERK,SIXTYEIGHT","PROVIDER","AUG 15,1997","",
"WARDCLERK,SEVENTYONE","PROVIDER","AUG 15,1997","",
"WARDCLERK,SEVENTYTHREE","PROVIDER","AUG 15,1997","",
"WARDCLERK,SEVENTYFOUR","PROVIDER","AUG 15,1997","",
"WARDCLERK,SEVENTYSEVEN","PROVIDER","AUG 15,1997","",
"WARDCLERK,EIGHTYONE","PROVIDER","AUG 15,1997","",
"WARDCLERK,NINETYTWO","PROVIDER","AUG 15,1997","",
"CLINICCLERK,THIRTYNINE","PROVIDER","AUG 15,1997","",
"CLINICCLERK,SIXTYFOUR","PROVIDER","AUG 15,1997","",
"PROVIDER,ONEHUNDREDFIVE","PROVIDER","AUG 15,1997","",
"PROVIDER,ONEHUNDREDFOURTEEN","PROVIDER","AUG 15,1997","",
"PROVIDER,ONEHUNDREDTHIRTY","PROVIDER","AUG 15,1997","",
"PROVIDER,ONEHUNDREDTHIRTYFOUR","PROVIDER","AUG 15,1997","",
"PROVIDER,ONEHUNDREDTHIRTYFIVE","PROVIDER","AUG 15,1997","",
"PROVIDER,ONEHUNDREDSIXTYSEVEN","PROVIDER","AUG 15,1997","",
"PROVIDER,TWOHUNDREDEIGHTEEN","PROVIDER","AUG 15,1997","",
"PROVIDER,TWOHUNDREDTWENTYTWO","PROVIDER","AUG 15,1997","",
"PROVIDER,TWOHUNDREDTHIRTYONE","PROVIDER","AUG 15,1997","",
"PROVIDER,TWOHUNDREDTHIRTYFIVE","PROVIDER","AUG 15,1997","",
"PROVIDER,TWOHUNDREDTHIRTYSIX","PROVIDER","AUG 15,1997","",
"PROVIDER,TWOHUNDREDTHIRTYSEVEN","PROVIDER","AUG 15,1997","",
"PROVIDER,TWOHUNDREDTHIRTYNINE","PROVIDER","AUG 15,1997","",
"PROVIDER,TWOHUNDREDFORTYTHREE","PROVIDER","AUG 15,1997","",
"PROVIDER,TWOHUNDREDFORTYFIVE","PROVIDER","AUG 15,1997","",
"PROVIDER,TWOHUNDREDFORTYSIX","PROVIDER","AUG 15,1997","",
"PROVIDER,TWOHUNDREDFORTYEIGHT","PROVIDER","AUG 15,1997","",
"PROVIDER,TWOHUNDREDSEVENTYSIX","PROVIDER","AUG 15,1997","",
"LABTECH,SIXTYTWO","PROVIDER","AUG 15,1997","",
"PROVIDER,TWOHUNDREDSEVENTYEIGHT","PROVIDER","AUG 15,1997","",
"PROVIDER,TWOHUNDREDSEVENTYNINBE","PROVIDER","AUG 15,1997","",
"PROVIDER,TWOHUNDREDSEVENTYNINE","PROVIDER","AUG 15,1997","",
"PROVIDER,TWOHUNDREDEIGHTYTHREE","PROVIDER","AUG 15,1997","",
"PROVIDER,TWOHUNDREDEIGHTYFOUR","PROVIDER","AUG 15,1997","",
"PROVIDER,TWOHUNDREDEIGHTYFIVE","PROVIDER","AUG 15,1997","",
"PROVIDER,TWOHUNDREDNINETYFIVE","PROVIDER","AUG 15,1997","",
"PROVIDER,TWOHUNDREDNINETYSIX","PROVIDER","AUG 15,1997","",
"PROVIDER,TWOHUNDREDNINETYSEVEN","PROVIDER","AUG 15,1997","",
"PROVIDER,TWOHUNDREDNINETYNINE","PROVIDER","AUG 15,1997","",
"RADIOLOGIST,ONE","PROVIDER","AUG 15,1997","",
"PROVIDER,TWOHUNDREDNINETYFIVE","CLINICAL COORDINATOR","SEP  4,1997","",
"PROVIDER,SEVENTYTWO","MEDICAL STUDENT IV","AUG 16,1997","SEP 15,1997",
"PROVIDER,SEVENTYTWO","PROVIDER","SEP 15,1997","APR 21,1998",
"PROVIDER,TWOHUNDREDNINETYSEVEN","NURSE","NOV 17,1997","MAR 27,1999",
"WARDCLERK,FIFTYTHREE","ATTENDING PHYSICIAN","SEP 17,1997","",
"PROVIDER,TWOHUNDREDNINETYSEVEN","MEDICAL INFORMATION SECTION","JAN 21,1998","",
"WARDCLERK,FIFTYTHREE","CHIEF, MIS","APR  4,1998","",
"CLERK,WARD","MEDICAL INFORMATION SECTION","APR  8,1998","MAY  9,1999",
"PROVIDER,TWOHUNDREDSIXTYTWO","MEDICAL RECORDS TECHNICIAN","APR 21,1998","MAY 21,1998",
"NURSE,TEST","CHIEF, MIS","APR 20,1998","APR 22,1998",
"PROVIDER,ONEHUNDREDFIVE","ALLERGY & IMMUNOLOGY","","",
"PROVIDER,ONEHUNDREDNINETYONE","PROVIDER","MAY 31,1998","",
"PROVIDER,ONEHUNDREDNINETYONE","CARDIOLOGIST","MAY 30,1998","",
"PROVIDER,TWOHUNDREDNINETYSEVEN","CLINICAL COORDINATOR","APR 17,1998","",
"PROVIDER,TWOHUNDREDNINETYSEVEN","CHIEF, MIS","JUN  3,1998","",
"RADTECH,TWENTY","MEDICAL STUDENT","JUL  8,1998","",
"PROVIDER,TWOHUNDREDNINETYSEVEN","CLINICAL SERVICE CHIEF","OCT  1,1998","JAN 20,2000",
"NURSE,TEST","NURSE","NOV 17,1998","",
"PROVIDER,SEVENTYTHREE","SOCIAL WORK INTERN","NOV 22,1998","",
"PROVIDER,TWOHUNDREDNINETYSIX","PATHOLOGIST","DEC 27,1998","",
"PROVIDER,TWOHUNDREDNINETYFIVE","PHYSICIAN","JAN  4,1998","",
"CLERK,WARD","TRANSCRIPTIONIST","MAY  6,1999","",
"PROGRAMMER,TWENTY","CHIEF, MIS","MAY 26,1999","",
"PROGRAMMER,TWENTY","PROVIDER","MAY 26,1999","",
"PROVIDER,TWOHUNDREDNINETYFIVE","MEDICAL INFORMATION SECTION","JAN 10,1999","AUG 12,1999",
"PROVIDER,TWOHUNDREDNINETYFIVE","CHIEF, MIS","JUN 29,1999","AUG 12,1999",
"TRANSCRIPTION,MRT","MEDICAL INFORMATION SECTION","JAN 20,1998","",
"TRANSCRIPTION,MRT","CHIEF, MIS","JAN 20,1998","",
"LABTECH,SPECIAL","PHYSICIAN","SEP 29,1999","",
"CHIEF,MEDICAL","CHIEF, MIS","OCT 29,1999","",
"TECHNICIAN,MEDICAL RECORDS","MEDICAL INFORMATION SECTION","NOV  1,1999","",
"NETWORK,HEALTH EXCHANGE","MEDICAL CLERK","NOV 18,1999","",
"PROVIDER,TWOHUNDREDNINETYSEVEN","NURSE PRACTITIONER","DEC 20,1999","JAN 19,2000",
"TRANSCRIPTION,USER","MEDICAL INFORMATION SECTION","NOV 30,1999","",
"RADTECH,TWENTYSEVEN","PROVIDER","MAR 25,1999","",
"RADTECH,FORTYFIVE","NURSE PRACTITIONER","JAN 19,2000","",
"STUDENT,ONE","PROVIDER","APR  4,2000","",
"STUDENT,TWO","PROVIDER","APR  4,2000","",
"STUDENT,THREE","PROVIDER","APR  4,2000","",
"STUDENT,FOUR","PROVIDER","APR  4,2000","",
"STUDENT,FIVE","PROVIDER","APR  4,2000","",
"STUDENT,SIX","PROVIDER","APR  4,2000","",
"STUDENT,SEVEN","PROVIDER","APR  4,2000","",
"STUDENT,EIGHT","PROVIDER","APR  4,2000","",
"STUDENT,NINE","PROVIDER","APR  4,2000","",
"STUDENT,TEN","PROVIDER","APR  4,2000","",
"VEHU,ONE","PROVIDER","APR  4,2000","",
"ZZCAMP,TWO","PROVIDER","APR  4,2000","",
"ZZCAMP,THREE","PROVIDER","APR  4,2000","",
"VEHU,FOUR","PROVIDER","APR  4,2000","",
"VEHU,FIVE","PROVIDER","APR  4,2000","",
"VEHU,SIX","PROVIDER","APR  4,2000","",
"VEHU,SEVEN","PROVIDER","APR  4,2000","",
"VEHU,EIGHT","PROVIDER","APR  4,2000","",
"VEHU,NINE","PROVIDER","APR  4,2000","",
"VEHU,TEN","PROVIDER","APR  4,2000","",
"VEHU,ELEVEN","PROVIDER","APR  4,2000","",
"VEHU,TWELVE","PROVIDER","APR  4,2000","",
"VEHU,THIRTEEN","PROVIDER","APR  4,2000","",
"VEHU,FOURTEEN","PROVIDER","APR  4,2000","",
"VEHU,FIFTEEN","PROVIDER","APR  4,2000","",
"VEHU,SIXTEEN","PROVIDER","APR  4,2000","",
"VEHU,SEVENTEEN","PROVIDER","APR  4,2000","",
"VEHU,EIGHTEEN","PROVIDER","APR  4,2000","",
"VEHU,NINETEEN","PROVIDER","APR  4,2000","",
"VEHU,TWENTY","PROVIDER","APR  4,2000","",
"VEHU,TWENTYONE","PROVIDER","APR  4,2000","",
"VEHU,TWENTYTWO","PROVIDER","APR  4,2000","",
"VEHU,TWENTYTHREE","PROVIDER","APR  4,2000","",
"VEHU,TWENTYFOUR","PROVIDER","APR  4,2000","",
"VEHU,TWENTYFIVE","PROVIDER","APR  4,2000","",
"VEHU,TWENTYSIX","PROVIDER","APR  4,2000","",
"VEHU,TWENTYSEVEN","PROVIDER","APR  4,2000","",
"VEHU,TWENTYEIGHT","PROVIDER","APR  4,2000","",
"VEHU,TWENTYNINE","PROVIDER","APR  4,2000","",
"VEHU,THIRTY","PROVIDER","APR  4,2000","",
"VEHU,THIRTYONE","PROVIDER","APR  4,2000","",
"VEHU,THIRTYTWO","PROVIDER","APR  4,2000","",
"VEHU,THIRTYTHREE","PROVIDER","APR  4,2000","",
"VEHU,THIRTYFOUR","PROVIDER","APR  4,2000","",
"VEHU,THIRTYFIVE","PROVIDER","APR  4,2000","",
"VEHU,THIRTYSIX","PROVIDER","APR  4,2000","",
"VEHU,THIRTYSEVEN","PROVIDER","APR  4,2000","",
"VEHU,THIRTYEIGHT","PROVIDER","APR  4,2000","",
"VEHU,THIRTYNINE","PROVIDER","APR  4,2000","",
"VEHU,FORTY","PROVIDER","APR  4,2000","",
"VEHU,FORTYONE","PROVIDER","APR  4,2000","",
"VEHU,FORTYTWO","PROVIDER","APR  4,2000","",
"VEHU,FORTYTHREE","PROVIDER","APR  4,2000","",
"VEHU,FORTYFOUR","PROVIDER","APR  4,2000","",
"VEHU,FORTYFIVE","PROVIDER","APR  4,2000","",
"VEHU,FORTYSIX","PROVIDER","APR  4,2000","",
"VEHU,FORTYSEVEN","PROVIDER","APR  4,2000","",
"VEHU,FORTYEIGHT","PROVIDER","APR  4,2000","",
"VEHU,FORTYNINE","PROVIDER","APR  4,2000","",
"VEHU,FIFTY","PROVIDER","APR  4,2000","",
"VEHU,FIFTYONE","PROVIDER","APR  4,2000","",
"VEHU,FIFTYTWO","PROVIDER","APR  4,2000","",
"VEHU,FIFTYTHREE","PROVIDER","APR  4,2000","",
"VEHU,FIFTYFOUR","PROVIDER","APR  4,2000","",
"VEHU,FIFTYFIVE","PROVIDER","APR  4,2000","",
"VEHU,FIFTYSIX","PROVIDER","APR  4,2000","",
"VEHU,FIFTYSEVEN","PROVIDER","APR  4,2000","",
"VEHU,FIFTYNINE","PROVIDER","APR  4,2000","",
"VEHU,FIFTYEIGHT","PROVIDER","APR  4,2000","",
"VEHU,SIXTY","PROVIDER","APR  4,2000","",
"VEHU,SIXTYONE","PROVIDER","APR  4,2000","",
"VEHU,SIXTYTWO","PROVIDER","APR  4,2000","",
"VEHU,SIXTYTHREE","PROVIDER","APR  4,2000","",
"VEHU,SIXTYFOUR","PROVIDER","APR  4,2000","",
"VEHU,SIXTYFIVE","PROVIDER","APR  4,2000","",
"VEHU,SIXTYSIX","PROVIDER","APR  4,2000","",
"VEHU,SIXTYSEVEN","PROVIDER","APR  4,2000","",
"VEHU,SIXTYEIGHT","PROVIDER","APR  4,2000","",
"VEHU,SIXTYNINE","PROVIDER","APR  4,2000","",
"VEHU,SEVENTY","PROVIDER","APR  4,2000","",
"VEHU,SEVENTYONE","PROVIDER","APR  4,2000","",
"VEHU,SEVENTYTWO","PROVIDER","APR  4,2000","",
"VEHU,SEVENTYTHREE","PROVIDER","APR  4,2000","",
"VEHU,SEVENTYFOUR","PROVIDER","APR  4,2000","",
"VEHU,SEVENTYFIVE","PROVIDER","APR  4,2000","",
"WARDCLERK,SIXTYEIGHT","CLINICAL COORDINATOR","JAN  6,2000","",
"LABTECH,THIRTYTWO","CLINICAL COORDINATOR","JAN  6,2000","",
"LABTECH,FORTY","CLINICAL COORDINATOR","JUL 15,1997","",
"LABTECH,FORTY","PROVIDER","JUL 15,1997","",
"VEHU,SEVENTYSIX","PROVIDER","APR 12,2000","",
"VEHU,SEVENTYSEVEN","PROVIDER","APR 12,2000","",
"VEHU,SEVENTYEIGHT","PROVIDER","APR 12,2000","",
"VEHU,SEVENTYNINE","PROVIDER","APR 12,2000","",
"VEHU,EIGHTY","PROVIDER","APR 12,2000","",
"TDNURSE,ONE","PROVIDER","APR 19,2000","",
"TDNURSE,ONE","PHYSICIAN","APR 19,2000","",
"VEHU,EIGHTYONE","PROVIDER","MAY  8,2000","",
"VEHU,EIGHTYTWO","PROVIDER","MAY  8,2000","",
"VEHU,EIGHTYTHREE","PROVIDER","MAY  8,2000","",
"VEHU,EIGHTYFOUR","PROVIDER","MAY  8,2000","",
"VEHU,EIGHTYFIVE","PROVIDER","MAY  8,2000","",
"VEHU,EIGHTYSIX","PROVIDER","MAY  8,2000","",
"VEHU,EIGHTYSEVEN","PROVIDER","MAY  8,2000","",
"VEHU,EIGHTYEIGHT","PROVIDER","MAY  8,2000","",
"VEHU,EIGHTYNINE","PROVIDER","MAY  8,2000","",
"VEHU,NINETY","PROVIDER","MAY  8,2000","",
"PATHOLOGY,ONE","CLINICAL COORDINATOR","MAY  8,2000","",
"VEHU,ONE","CLINICAL COORDINATOR","MAY 10,2000","",
"ZZCAMP,TWO","CLINICAL COORDINATOR","MAY 10,2000","",
"ZZCAMP,THREE","CLINICAL COORDINATOR","MAY 10,2000","",
"VEHU,FOUR","CLINICAL COORDINATOR","MAY 10,2000","",
"VEHU,FIVE","CLINICAL COORDINATOR","MAY 10,2000","",
"VEHU,SIX","CLINICAL COORDINATOR","MAY 10,2000","",
"VEHU,SEVEN","CLINICAL COORDINATOR","MAY 10,2000","",
"VEHU,EIGHT","CLINICAL COORDINATOR","MAY 10,2000","",
"VEHU,NINE","CLINICAL COORDINATOR","MAY 10,2000","",
"VEHU,TEN","CLINICAL COORDINATOR","MAY 10,2000","",
"VEHU,ELEVEN","CLINICAL COORDINATOR","MAY 10,2000","",
"VEHU,TWELVE","CLINICAL COORDINATOR","MAY 10,2000","",
"VEHU,THIRTEEN","CLINICAL COORDINATOR","MAY 10,2000","",
"VEHU,FOURTEEN","CLINICAL COORDINATOR","MAY 10,2000","",
"VEHU,FIFTEEN","CLINICAL COORDINATOR","MAY 10,2000","",
"VEHU,SIXTEEN","CLINICAL COORDINATOR","MAY 10,2000","",
"VEHU,SEVENTEEN","CLINICAL COORDINATOR","MAY 10,2000","",
"VEHU,EIGHTEEN","CLINICAL COORDINATOR","MAY 10,2000","",
"VEHU,NINETEEN","CLINICAL COORDINATOR","MAY 10,2000","",
"VEHU,TWENTY","CLINICAL COORDINATOR","MAY 10,2000","",
"VEHU,TWENTYONE","CLINICAL COORDINATOR","MAY 10,2000","",
"VEHU,TWENTYTWO","CLINICAL COORDINATOR","MAY 10,2000","",
"VEHU,TWENTYTHREE","CLINICAL COORDINATOR","MAY 10,2000","",
"VEHU,TWENTYFOUR","CLINICAL COORDINATOR","MAY 10,2000","",
"VEHU,TWENTYFIVE","CLINICAL COORDINATOR","MAY 10,2000","",
"VEHU,TWENTYSIX","CLINICAL COORDINATOR","MAY 10,2000","",
"VEHU,TWENTYSEVEN","CLINICAL COORDINATOR","MAY 10,2000","",
"VEHU,TWENTYEIGHT","CLINICAL COORDINATOR","MAY 10,2000","",
"VEHU,TWENTYNINE","CLINICAL COORDINATOR","MAY 10,2000","",
"VEHU,THIRTY","CLINICAL COORDINATOR","MAY 10,2000","",
"VEHU,THIRTYONE","CLINICAL COORDINATOR","MAY 10,2000","",
"VEHU,THIRTYTWO","CLINICAL COORDINATOR","MAY 10,2000","",
"VEHU,THIRTYTHREE","CLINICAL COORDINATOR","MAY 10,2000","",
"VEHU,THIRTYFOUR","CLINICAL COORDINATOR","MAY 10,2000","",
"VEHU,THIRTYFIVE","CLINICAL COORDINATOR","MAY 10,2000","",
"VEHU,THIRTYSIX","CLINICAL COORDINATOR","MAY 10,2000","",
"VEHU,THIRTYSEVEN","CLINICAL COORDINATOR","MAY 10,2000","",
"VEHU,THIRTYEIGHT","CLINICAL COORDINATOR","MAY 10,2000","",
"VEHU,THIRTYNINE","CLINICAL COORDINATOR","MAY 10,2000","",
"VEHU,FORTY","CLINICAL COORDINATOR","MAY 10,2000","",
"VEHU,FORTYONE","CLINICAL COORDINATOR","MAY 10,2000","",
"VEHU,FORTYTWO","CLINICAL COORDINATOR","MAY 10,2000","",
"VEHU,FORTYTHREE","CLINICAL COORDINATOR","MAY 10,2000","",
"VEHU,FORTYFOUR","CLINICAL COORDINATOR","MAY 10,2000","",
"VEHU,FORTYEIGHT","CLINICAL COORDINATOR","MAY 10,2000","",
"VEHU,FORTYNINE","CLINICAL COORDINATOR","MAY 10,2000","",
"VEHU,FIFTY","CLINICAL COORDINATOR","MAY 10,2000","",
"VEHU,FIFTYONE","CLINICAL COORDINATOR","MAY 10,2000","",
"VEHU,FIFTYTWO","CLINICAL COORDINATOR","MAY 10,2000","",
"VEHU,FIFTYTHREE","CLINICAL COORDINATOR","MAY 10,2000","",
"VEHU,FIFTYFOUR","CLINICAL COORDINATOR","MAY 10,2000","",
"VEHU,FIFTYFIVE","CLINICAL COORDINATOR","MAY 10,2000","",
"VEHU,SIXTY","CLINICAL COORDINATOR","MAY 10,2000","",
"VEHU,SIXTYONE","CLINICAL COORDINATOR","MAY 10,2000","JUL  1,2005",
"VEHU,SIXTYTWO","CLINICAL COORDINATOR","MAY 10,2000","",
"VEHU,SIXTYTHREE","CLINICAL COORDINATOR","MAY 10,2000","",
"VEHU,SIXTYFOUR","CLINICAL COORDINATOR","","",
"VEHU,SIXTYFIVE","CLINICAL COORDINATOR","MAY 10,2000","",
"VEHU,SIXTYSIX","CLINICAL COORDINATOR","MAY 10,2000","",
"VEHU,SIXTYSEVEN","CLINICAL COORDINATOR","MAY 10,2000","",
"VEHU,SIXTYEIGHT","CLINICAL COORDINATOR","MAY 10,2000","",
"VEHU,SIXTYNINE","CLINICAL COORDINATOR","MAY 10,2000","",
"VEHU,SEVENTY","CLINICAL COORDINATOR","MAY 10,2000","",
"VEHU,SEVENTYONE","CLINICAL COORDINATOR","MAY 10,2000","",
"VEHU,SEVENTYTWO","CLINICAL COORDINATOR","MAY 10,2000","",
"VEHU,SEVENTYTHREE","CLINICAL COORDINATOR","MAY 10,2000","",
"VEHU,SEVENTYFOUR","CLINICAL COORDINATOR","MAY 10,2000","",
"VEHU,SEVENTYFIVE","CLINICAL COORDINATOR","MAY 10,2000","",
"VEHU,SEVENTYSIX","CLINICAL COORDINATOR","MAY 10,2000","",
"VEHU,SEVENTYSEVEN","CLINICAL COORDINATOR","MAY 10,2000","",
"VEHU,EIGHTY","CLINICAL COORDINATOR","MAY 10,2000","",
"VEHU,EIGHTYONE","CLINICAL COORDINATOR","MAY 10,2000","",
"VEHU,EIGHTYTWO","CLINICAL COORDINATOR","MAY 10,2000","",
"VEHU,EIGHTYTHREE","CLINICAL COORDINATOR","MAY 10,2000","",
"VEHU,EIGHTYFOUR","CLINICAL COORDINATOR","MAY 10,2000","",
"VEHU,EIGHTYFIVE","CLINICAL COORDINATOR","MAY 10,2000","",
"VEHU,EIGHTYSIX","CLINICAL COORDINATOR","MAY 10,2000","",
"VEHU,EIGHTYSEVEN","CLINICAL COORDINATOR","MAY 10,2000","",
"VEHU,EIGHTYEIGHT","CLINICAL COORDINATOR","MAY 10,2000","",
"VEHU,EIGHTYNINE","CLINICAL COORDINATOR","MAY 10,2000","",
"VEHU,NINETY","CLINICAL COORDINATOR","MAY 10,2000","",
"RADTECH,TWENTYSEVEN","CLINICAL COORDINATOR","JUL 15,1999","",
"VEHU,FORTYFIVE","CLINICAL COORDINATOR","JUL 26,1999","",
"VEHU,FORTYSEVEN","CLINICAL COORDINATOR","JUL 26,1999","",
"VEHU,FORTYSIX","CLINICAL COORDINATOR","JUL 26,1999","",
"VEHU,FIFTYSIX","CLINICAL COORDINATOR","JUL 26,1999","",
"VEHU,FIFTYSEVEN","CLINICAL COORDINATOR","JUL 26,1999","",
"VEHU,FIFTYEIGHT","CLINICAL COORDINATOR","JUL 26,1999","",
"VEHU,FIFTYNINE","CLINICAL COORDINATOR","JUL 26,1999","",
"VEHU,SEVENTYEIGHT","CLINICAL COORDINATOR","JUL 26,1999","",
"VEHU,SEVENTYNINE","CLINICAL COORDINATOR","JUL 26,1999","",
"LABTECH,THIRTY","CLINICAL COORDINATOR","OCT 22,2000","",
"LABTECH,THIRTY","CHIEF, MEDICAL SERVICE","OCT 22,2000","",
"TDNURSE,ONE","CLINICAL COORDINATOR","JAN 30,2001","",
"LABTECH,FORTYSIX","CLINICAL COORDINATOR","JAN 24,2000","",
"VEHU,ZERO ZERO","CLINICAL COORDINATOR","MAY 10,2000","",
"VEHU,NINETYEIGHT","CLINICAL COORDINATOR","MAY 10,2000","",
"VEHU,NINETYFIVE","CLINICAL COORDINATOR","MAY 10,2000","",
"VEHU,NINETYFOUR","CLINICAL COORDINATOR","MAY 10,2000","",
"VEHU,NINETYNINE","CLINICAL COORDINATOR","MAY 10,2000","",
"VEHU,NINETYONE","CLINICAL COORDINATOR","MAY 10,2000","",
"VEHU,NINETYSEVEN","CLINICAL COORDINATOR","MAY 10,2000","",
"VEHU,NINETYSIX","CLINICAL COORDINATOR","MAY 10,2000","",
"VEHU,NINETYTHREE","CLINICAL COORDINATOR","MAY 10,2000","",
"VEHU,NINETYTWO","CLINICAL COORDINATOR","MAY 10,2000","",
"VEHU,ONEHUNDRED","CLINICAL COORDINATOR","MAY 10,2000","",
"VEHU,ONEHUNDRED","PROVIDER","MAY 10,2000","",
"VEHU,NINETYEIGHT","PROVIDER","MAY 10,2000","",
"VEHU,NINETYFIVE","PROVIDER","MAY 10,2000","",
"VEHU,NINETYFOUR","PROVIDER","MAY 10,2000","",
"VEHU,NINETYNINE","PROVIDER","MAY 10,2000","",
"VEHU,NINETYONE","PROVIDER","MAY 10,2000","",
"VEHU,NINETYSEVEN","PROVIDER","MAY 10,2000","",
"VEHU,NINETYSIX","PROVIDER","MAY 10,2000","",
"VEHU,NINETYTHREE","PROVIDER","MAY 10,2000","",
"VEHU,NINETYTWO","PROVIDER","MAY 10,2000","",
"VEHU,ZERO ZERO","PROVIDER","MAY 10,2000","",
"RADTECH,TWENTYFOUR","NURSE","JAN 17,2001","",
"LABTECH,THIRTYNINE","CLINICAL COORDINATOR","APR 26,2001","APR 26,2002",
"PATHOLOGY,ONE","CHIEF, MIS","MAY 18,2001","",
"RADTECH,FIFTYFIVE","CLINICAL COORDINATOR","FEB  5,2002","",
"RADTECH,SIXTYONE","PROVIDER","","",
"RADTECH,SIXTY","CLINICAL COORDINATOR","","",
"RADTECH,SIXTY","PROVIDER","","",
"RADTECH,SIXTYFOUR","CLINICAL COORDINATOR","","",
"RADTECH,SIXTYFOUR","PROVIDER","","",
"RADTECH,SIXTYTHREE","PROVIDER","","",
"RADTECH,SIXTYTHREE","CLINICAL COORDINATOR","","",
"PROVIDER,PRF","CLINICAL COORDINATOR","FEB 25,2002","",
"RADTECH,SIXTYSIX","CLINICAL COORDINATOR","FEB 24,2002","",
"LABTECH,FORTYFIVE","CLINICAL COORDINATOR","FEB 24,2002","",
"RADTECH,SIXTYSEVEN","CLINICAL COORDINATOR","FEB 27,2002","",
"RADTECH,EIGHTY","CLINICAL COORDINATOR","MAR  1,2002","",
"RADTECH,TWENTYSIX","CLINICAL COORDINATOR","MAR 13,2002","",
"VEHU,ONEHUNDREDONE","PROVIDER","MAR 14,2002","",
"VEHU,ONEHUNDREDONE","CLINICAL COORDINATOR","MAR 14,2002","",
"VEHU,ONEHUNDREDTWO","PROVIDER","MAR 14,2002","",
"VEHU,ONEHUNDREDTWO","CLINICAL COORDINATOR","MAR 14,2002","",
"VEHU,ONEHUNDREDTHREE","PROVIDER","MAR 14,2002","",
"VEHU,ONEHUNDREDTHREE","CLINICAL COORDINATOR","MAR 14,2002","",
"VEHU,ONEHUNDREDFOUR","PROVIDER","MAR 14,2002","",
"VEHU,ONEHUNDREDFOUR","CLINICAL COORDINATOR","MAR 14,2002","",
"VEHU,ONEHUNDREDFIVE","PROVIDER","MAR 14,2002","",
"VEHU,ONEHUNDREDFIVE","CLINICAL COORDINATOR","MAR 14,2002","",
"VEHU,ONEHUNDREDSIX","PROVIDER","MAR 14,2002","",
"VEHU,ONEHUNDREDSIX","CLINICAL COORDINATOR","MAR 14,2002","",
"VEHU,ONEHUNDREDSEVEN","PROVIDER","MAR 14,2002","",
"VEHU,ONEHUNDREDSEVEN","CLINICAL COORDINATOR","MAR 14,2002","",
"VEHU,ONEHUNDREDEIGHT","PROVIDER","MAR 14,2002","",
"VEHU,ONEHUNDREDEIGHT","CLINICAL COORDINATOR","MAR 14,2002","",
"VEHU,ONEHUNDREDNINE","PROVIDER","MAR 14,2002","",
"VEHU,ONEHUNDREDNINE","CLINICAL COORDINATOR","MAR 14,2002","",
"VEHU,ONEHUNDREDTEN","PROVIDER","MAR 14,2002","",
"VEHU,ONEHUNDREDTEN","CLINICAL COORDINATOR","MAR 14,2002","",
"VEHU,ONEHUNDREDELEVEN","PROVIDER","MAR 14,2002","",
"VEHU,ONEHUNDREDELEVEN","CLINICAL COORDINATOR","MAR 14,2002","",
"VEHU,ONEHUNDREDTWELVE","PROVIDER","MAR 14,2002","",
"VEHU,ONEHUNDREDTWELVE","CLINICAL COORDINATOR","MAR 14,2002","",
"VEHU,ONEHUNDREDTHIRTEEN","PROVIDER","MAR 14,2002","",
"VEHU,ONEHUNDREDTHIRTEEN","CLINICAL COORDINATOR","MAR 14,2002","",
"VEHU,ONEHUNDREDFOURTEEN","PROVIDER","MAR 14,2002","",
"VEHU,ONEHUNDREDFOURTEEN","CLINICAL COORDINATOR","MAR 14,2002","",
"VEHU,ONEHUNDREDFIFTEEN","PROVIDER","MAR 14,2002","",
"VEHU,ONEHUNDREDFIFTEEN","CLINICAL COORDINATOR","MAR 14,2002","",
"VEHU,ONEHUNDREDSIXTEEN","PROVIDER","MAR 14,2002","",
"VEHU,ONEHUNDREDSIXTEEN","CLINICAL COORDINATOR","MAR 14,2002","",
"VEHU,ONEHUNDREDSEVENTEEN","PROVIDER","MAR 14,2002","",
"VEHU,ONEHUNDREDSEVENTEEN","CLINICAL COORDINATOR","MAR 14,2002","",
"VEHU,ONEHUNDREDEIGHTEEN","PROVIDER","MAR 14,2002","",
"VEHU,ONEHUNDREDEIGHTEEN","CLINICAL COORDINATOR","MAR 14,2002","",
"VEHU,ONEHUNDREDNINETEEN","PROVIDER","MAR 14,2002","",
"VEHU,ONEHUNDREDNINETEEN","CLINICAL COORDINATOR","MAR 14,2002","",
"VEHU,ONEHUNDREDTWENTY","PROVIDER","MAR 14,2002","",
"VEHU,ONEHUNDREDTWENTY","CLINICAL COORDINATOR","MAR 14,2002","",
"PROVIDER,TWOHUNDREDNINETYSEVEN","INTERDISCIPLINARY USER","MAR 21,2002","",
"VEHU,ONE","INTERDISCIPLINARY USER","MAR  2,2002","",
"VEHU,TWO","INTERDISCIPLINARY USER","MAR  2,2002","",
"VEHU,THREE","INTERDISCIPLINARY USER","JAN  1,2002","",
"VEHU,FOUR","INTERDISCIPLINARY USER","MAR  2,2002","",
"VEHU,FIVE","INTERDISCIPLINARY USER","MAR  2,2002","",
"VEHU,SIX","INTERDISCIPLINARY USER","MAR  2,2002","",
"VEHU,SEVEN","INTERDISCIPLINARY USER","MAR  8,2002","",
"VEHU,EIGHT","INTERDISCIPLINARY USER","MAR  2,2002","",
"VEHU,NINE","INTERDISCIPLINARY USER","MAR  2,2002","",
"VEHU,TEN","INTERDISCIPLINARY USER","MAR  2,2002","",
"VEHU,ELEVEN","INTERDISCIPLINARY USER","MAR  2,2002","",
"VEHU,TWELVE","INTERDISCIPLINARY USER","MAR  2,2002","",
"VEHU,THIRTEEN","INTERDISCIPLINARY USER","MAR  2,2002","",
"VEHU,FOURTEEN","INTERDISCIPLINARY USER","MAR  2,2002","",
"VEHU,FIFTEEN","INTERDISCIPLINARY USER","MAR  2,2002","",
"VEHU,SIXTEEN","INTERDISCIPLINARY USER","MAR  2,2002","",
"VEHU,SEVENTEEN","INTERDISCIPLINARY USER","MAR  2,2002","",
"VEHU,EIGHTEEN","INTERDISCIPLINARY USER","MAR  2,2002","",
"VEHU,NINETEEN","INTERDISCIPLINARY USER","MAR  2,2002","",
"VEHU,TWENTY","INTERDISCIPLINARY USER","MAR  2,2002","",
"VEHU,THIRTY","INTERDISCIPLINARY USER","MAR  2,2002","",
"VEHU,THIRTYONE","INTERDISCIPLINARY USER","MAR  2,2002","",
"VEHU,THIRTYTWO","INTERDISCIPLINARY USER","MAR  2,2002","",
"VEHU,THIRTYTHREE","INTERDISCIPLINARY USER","MAR  2,2002","",
"VEHU,THIRTYFOUR","INTERDISCIPLINARY USER","MAR  2,2002","",
"VEHU,THIRTYFIVE","INTERDISCIPLINARY USER","MAR  2,2002","",
"VEHU,THIRTYSIX","INTERDISCIPLINARY USER","MAR  2,2002","",
"VEHU,THIRTYSEVEN","INTERDISCIPLINARY USER","MAR  2,2002","",
"VEHU,THIRTYEIGHT","INTERDISCIPLINARY USER","MAR  2,2002","",
"VEHU,THIRTYNINE","INTERDISCIPLINARY USER","MAR  2,2002","",
"VEHU,FORTY","INTERDISCIPLINARY USER","MAR  2,2002","",
"VEHU,FORTYONE","INTERDISCIPLINARY USER","MAR  2,2002","",
"VEHU,FORTYTWO","INTERDISCIPLINARY USER","MAR  2,2002","",
"VEHU,FORTYTHREE","INTERDISCIPLINARY USER","MAR  2,2002","",
"VEHU,FORTYFOUR","INTERDISCIPLINARY USER","MAR  2,2002","",
"VEHU,FORTYFIVE","INTERDISCIPLINARY USER","MAR  2,2002","",
"VEHU,FORTYSIX","INTERDISCIPLINARY USER","MAR  2,2002","",
"VEHU,FORTYSEVEN","INTERDISCIPLINARY USER","MAR  2,2002","",
"VEHU,FORTYEIGHT","INTERDISCIPLINARY USER","MAR  2,2002","",
"VEHU,FORTYNINE","INTERDISCIPLINARY USER","MAR  2,2002","",
"VEHU,FIFTY","INTERDISCIPLINARY USER","MAR  2,2002","",
"VEHU,FIFTYONE","INTERDISCIPLINARY USER","MAR  2,2002","",
"VEHU,FIFTYTWO","INTERDISCIPLINARY USER","MAR  2,2002","",
"VEHU,FIFTYTHREE","INTERDISCIPLINARY USER","MAR  2,2002","",
"VEHU,FIFTYFOUR","INTERDISCIPLINARY USER","MAR  2,2002","",
"VEHU,FIFTYFIVE","INTERDISCIPLINARY USER","MAR  2,2002","",
"VEHU,FIFTYSIX","INTERDISCIPLINARY USER","MAR  2,2002","",
"VEHU,FIFTYSEVEN","INTERDISCIPLINARY USER","MAR  2,2002","",
"VEHU,FIFTYEIGHT","INTERDISCIPLINARY USER","MAR  2,2002","",
"VEHU,FIFTYNINE","INTERDISCIPLINARY USER","MAR  2,2002","",
"VEHU,SIXTY","INTERDISCIPLINARY USER","MAR  2,2002","",
"VEHU,SIXTYONE","INTERDISCIPLINARY USER","MAR  2,2002","",
"VEHU,SIXTYTWO","INTERDISCIPLINARY USER","MAR  2,2002","",
"VEHU,SIXTYTHREE","INTERDISCIPLINARY USER","MAR  2,2002","",
"VEHU,SIXTYFOUR","INTERDISCIPLINARY USER","MAR  2,2002","",
"VEHU,SIXTYFIVE","INTERDISCIPLINARY USER","MAR  2,2002","",
"VEHU,SIXTYSIX","INTERDISCIPLINARY USER","MAR  2,2002","",
"VEHU,SIXTYSEVEN","INTERDISCIPLINARY USER","MAR  2,2002","",
"VEHU,SIXTYEIGHT","INTERDISCIPLINARY USER","MAR  2,2002","",
"VEHU,SIXTYNINE","INTERDISCIPLINARY USER","MAR  2,2002","",
"VEHU,SEVENTY","INTERDISCIPLINARY USER","MAR  2,2002","",
"VEHU,SEVENTYONE","INTERDISCIPLINARY USER","MAR  2,2002","",
"VEHU,SEVENTYTWO","INTERDISCIPLINARY USER","MAR  2,2002","",
"VEHU,SEVENTYTHREE","INTERDISCIPLINARY USER","MAR  2,2002","",
"VEHU,SEVENTYFOUR","INTERDISCIPLINARY USER","MAR  2,2002","",
"VEHU,SEVENTYFIVE","INTERDISCIPLINARY USER","MAR  2,2002","",
"VEHU,SEVENTYSIX","INTERDISCIPLINARY USER","MAR  2,2002","",
"VEHU,SEVENTYSEVEN","INTERDISCIPLINARY USER","MAR  2,2002","",
"VEHU,SEVENTYEIGHT","INTERDISCIPLINARY USER","MAR  2,2002","",
"VEHU,SEVENTYNINE","INTERDISCIPLINARY USER","MAR  2,2002","",
"VEHU,EIGHTY","INTERDISCIPLINARY USER","MAR  2,2002","",
"VEHU,EIGHTYONE","INTERDISCIPLINARY USER","MAR  2,2002","",
"VEHU,EIGHTYTWO","INTERDISCIPLINARY USER","MAR  2,2002","",
"VEHU,EIGHTYTHREE","INTERDISCIPLINARY USER","MAR  2,2002","",
"VEHU,EIGHTYFOUR","INTERDISCIPLINARY USER","MAR  2,2002","",
"VEHU,EIGHTYFIVE","INTERDISCIPLINARY USER","MAR  2,2002","",
"VEHU,EIGHTYSIX","INTERDISCIPLINARY USER","MAR  2,2002","",
"VEHU,EIGHTYSEVEN","INTERDISCIPLINARY USER","MAR  2,2002","",
"VEHU,EIGHTYEIGHT","INTERDISCIPLINARY USER","MAR  2,2002","",
"VEHU,EIGHTYNINE","INTERDISCIPLINARY USER","MAR  2,2002","",
"VEHU,NINETY","INTERDISCIPLINARY USER","MAR  2,2002","",
"VEHU,NINETYONE","INTERDISCIPLINARY USER","MAR  2,2002","",
"VEHU,NINETYTWO","INTERDISCIPLINARY USER","MAR  2,2002","",
"VEHU,NINETYTHREE","INTERDISCIPLINARY USER","MAR  2,2002","",
"VEHU,NINETYFOUR","INTERDISCIPLINARY USER","MAR  2,2002","",
"VEHU,NINETYFIVE","INTERDISCIPLINARY USER","MAR  2,2002","",
"VEHU,NINETYSIX","INTERDISCIPLINARY USER","MAR  2,2002","",
"VEHU,NINETYSEVEN","INTERDISCIPLINARY USER","MAR  2,2002","",
"VEHU,NINETYEIGHT","INTERDISCIPLINARY USER","MAR  2,2002","",
"VEHU,NINETYNINE","INTERDISCIPLINARY USER","MAR  2,2002","",
"VEHU,ONEHUNDRED","INTERDISCIPLINARY USER","MAR  2,2002","",
"VEHU,TWENTYONE","INTERDISCIPLINARY USER","MAR  2,2002","",
"VEHU,TWENTYTWO","INTERDISCIPLINARY USER","MAR  2,2002","",
"VEHU,TWENTYTHREE","INTERDISCIPLINARY USER","MAR  2,2002","",
"VEHU,TWENTYFOUR","INTERDISCIPLINARY USER","MAR  2,2002","",
"VEHU,TWENTYFIVE","INTERDISCIPLINARY USER","MAR  2,2002","",
"VEHU,TWENTYSIX","INTERDISCIPLINARY USER","MAR  2,2002","",
"VEHU,TWENTYSEVEN","INTERDISCIPLINARY USER","MAR  2,2002","",
"VEHU,TWENTYEIGHT","INTERDISCIPLINARY USER","MAR  2,2002","",
"VEHU,TWENTYNINE","INTERDISCIPLINARY USER","MAR  2,2002","",
"ATL,STUDENT","DIETITIAN","MAR  2,2002","",
"LABTECH,FORTYEIGHT","CLINICAL COORDINATOR","","",
"RADTECH,FIFTYTHREE","CLINICAL COORDINATOR","","",
"RADTECH,FIFTYFIVE","PHYSICIAN","DEC  2,2000","",
"VEHU,TWO","CLINICAL COORDINATOR","APR 18,2002","",
"VEHU,THREE","CLINICAL COORDINATOR","APR 18,2002","",
"LABTECH,EIGHTEEN","CLINICAL COORDINATOR","APR 23,2002","",
"LABTECH,FOURTEEN","CLINICAL COORDINATOR","APR 23,2002","",
"LABTECH,EIGHTEEN","INTERDISCIPLINARY USER","APR 23,2002","",
"LABTECH,FOURTEEN","INTERDISCIPLINARY USER","APR 23,2002","",
"LABTECH,TWENTYTWO","CLINICAL COORDINATOR","APR  7,2003","",
"LABTECH,TWENTYTWO","CHIEF, MIS","APR  7,2003","",
"LABTECH,SPECIAL","CLINICAL COORDINATOR","APR 17,2003","",
"RADTECH,FIFTY","CLINICAL COORDINATOR","APR 17,2003","",
"LABTECH,SEVENTEEN","CLINICAL COORDINATOR","APR 17,2003","",
"RADTECH,TWENTYFOUR","CLINICAL COORDINATOR","APR 17,2003","",
"PROVIDER,ONEHUNDREDSIXTYSIX","CLINICAL COORDINATOR","","",
"PATHOLOGY,ONE","PROVIDER","","",
"VEHU,ZERO ZERO","INTERDISCIPLINARY USER","","",
"VEHU,ONEHUNDREDEIGHT","INTERDISCIPLINARY USER","","",
"VEHU,ONEHUNDREDEIGHTEEN","INTERDISCIPLINARY USER","","",
"VEHU,ONEHUNDREDELEVEN","INTERDISCIPLINARY USER","","",
"VEHU,ONEHUNDREDFIFTEEN","INTERDISCIPLINARY USER","","",
"VEHU,ONEHUNDREDFIVE","INTERDISCIPLINARY USER","","",
"VEHU,ONEHUNDREDFOUR","INTERDISCIPLINARY USER","","",
"VEHU,ONEHUNDREDFOURTEEN","INTERDISCIPLINARY USER","","",
"VEHU,ONEHUNDREDNINE","INTERDISCIPLINARY USER","","",
"VEHU,ONEHUNDREDNINETEEN","INTERDISCIPLINARY USER","","",
"VEHU,ONEHUNDREDONE","INTERDISCIPLINARY USER","","",
"VEHU,ONEHUNDREDSEVEN","INTERDISCIPLINARY USER","","",
"VEHU,ONEHUNDREDSEVENTEEN","INTERDISCIPLINARY USER","","",
"VEHU,ONEHUNDREDSIX","INTERDISCIPLINARY USER","","",
"VEHU,ONEHUNDREDSIXTEEN","INTERDISCIPLINARY USER","","",
"VEHU,ONEHUNDREDTEN","INTERDISCIPLINARY USER","","",
"VEHU,ONEHUNDREDTHIRTEEN","INTERDISCIPLINARY USER","","",
"VEHU,ONEHUNDREDTHREE","INTERDISCIPLINARY USER","","",
"VEHU,ONEHUNDREDTWELVE","INTERDISCIPLINARY USER","","",
"VEHU,ONEHUNDREDTWENTY","INTERDISCIPLINARY USER","","",
"VEHU,ONEHUNDREDTWENTYFIVE","INTERDISCIPLINARY USER","","",
"VEHU,ONEHUNDREDTWENTYFOUR","INTERDISCIPLINARY USER","","",
"VEHU,ONEHUNDREDTWENTYONE","INTERDISCIPLINARY USER","","",
"VEHU,ONEHUNDREDTWENTYTHREE","INTERDISCIPLINARY USER","","",
"VEHU,ONEHUNDREDTWENTYTWO","INTERDISCIPLINARY USER","","",
"VEHU,ONEHUNDREDTWO","INTERDISCIPLINARY USER","","",
"LABTECH,FORTYEIGHT","CHIEF, MIS","","",
"PROGRAMMER,THIRTYSEVEN","CLINICAL COORDINATOR","JUN  9,2005","",
"PROGRAMMER,THIRTYSEVEN","PROVIDER","JUN  9,2005","",
"PROGRAMMER,THIRTYSEVEN","CHIEF, MIS","JUN  9,2005","",
"PROGRAMMER,THIRTYONE","CLINICAL COORDINATOR","JUN  9,2005","",
"PROGRAMMER,THIRTYONE","PROVIDER","JUN  9,2005","",
"PROGRAMMER,THIRTYONE","CHIEF, MIS","JUN  9,2005","",
"TDPROVIDER,ONE","CLINICAL COORDINATOR","JUL  5,2005","",
"PHARMACIST,ONE","PHARMACIST","","",
"PROGRAMMER,ONE","CLINICAL COORDINATOR","OCT 30,2006","",
"TDPROVIDER,ONE","PROVIDER","NOV  1,2006","",
"PROVIDER,ONE","RESIDENT PHYSICIAN","OCT 31,2006","NOV  1,2006",
"CLINCOORDINATOR,FIVE","CLINICAL COORDINATOR","","",
"CLINCOORDINATOR,FOUR","CLINICAL COORDINATOR","","",
"CLINCOORDINATOR,ONE","CLINICAL COORDINATOR","","",
"CLINCOORDINATOR,THREE","CLINICAL COORDINATOR","","",
"CLINCOORDINATOR,TWO","CLINICAL COORDINATOR","","",
"TDHIMS,FIVE","CHIEF, MIS","","",
"TDHIMS,FOUR","CHIEF, MIS","","",
"TDHIMS,ONE","CHIEF, MIS","","",
"TDHIMS,THREE","CHIEF, MIS","","",
"TDHIMS,TWO","CHIEF, MIS","","",
"HIMS,FIVE","CHIEF, MIS","","",
"HIMS,FOUR","CHIEF, MIS","","",
"HIMS,ONE","CHIEF, MIS","","",
"HIMS,THREE","CHIEF, MIS","","",
"HIMS,TWO","CHIEF, MIS","","",
"VEHU,ONEHUNDREDTWENTYSIX","CLINICAL COORDINATOR","","",
"VEHU,ONEHUNDREDTWENTYSIX","PROVIDER","","",
"VEHU,ONEHUNDREDTWENTYSEVEN","PROVIDER","","",
"VEHU,ONEHUNDREDTWENTYSEVEN","CLINICAL COORDINATOR","","",
"VEHU,ONEHUNDREDTWENTYEIGHT","PROVIDER","","",
"VEHU,ONEHUNDREDTWENTYEIGHT","CLINICAL COORDINATOR","","",
"VEHU,ONEHUNDREDTWENTYNINE","PROVIDER","","",
"VEHU,ONEHUNDREDTWENTYNINE","CLINICAL COORDINATOR","","",
"VEHU,ONEHUNDREDTHIRTY","PROVIDER","","",
"VEHU,ONEHUNDREDTHIRTY","CLINICAL COORDINATOR","","",
"VEHU,ONEHUNDREDTHIRTYONE","PROVIDER","","",
"VEHU,ONEHUNDREDTHIRTYONE","CLINICAL COORDINATOR","","",
"VEHU,ONEHUNDREDTHIRTYTWO","PROVIDER","","",
"VEHU,ONEHUNDREDTHIRTYTWO","CLINICAL COORDINATOR","","",
"VEHU,ONEHUNDREDTHIRTYTHREE","PROVIDER","","",
"VEHU,ONEHUNDREDTHIRTYTHREE","CLINICAL COORDINATOR","","",
"VEHU,ONEHUNDREDTHIRTYFOUR","CLINICAL COORDINATOR","","",
"VEHU,ONEHUNDREDTHIRTYFOUR","PROVIDER","","",
"VEHU,ONEHUNDREDTHIRTYFIVE","PROVIDER","","",
"VEHU,ONEHUNDREDTHIRTYFIVE","CLINICAL COORDINATOR","","",
"VEHU,ONEHUNDREDTHIRTYSIX","PROVIDER","","",
"VEHU,ONEHUNDREDTHIRTYSIX","CLINICAL COORDINATOR","","",
"VEHU,ONEHUNDREDTHIRTYSEVEN","PROVIDER","","",
"VEHU,ONEHUNDREDTHIRTYSEVEN","CLINICAL COORDINATOR","","",
"VEHU,ONEHUNDREDTHIRTYEIGHT","PROVIDER","","",
"VEHU,ONEHUNDREDTHIRTYEIGHT","CLINICAL COORDINATOR","","",
"VEHU,ONEHUNDREDTHIRTYNINE","PROVIDER","","",
"VEHU,ONEHUNDREDTHIRTYNINE","CLINICAL COORDINATOR","","",
"VEHU,ONEHUNDREDFORTY","PROVIDER","","",
"VEHU,ONEHUNDREDFORTY","CLINICAL COORDINATOR","","",
"VEHU,ONEHUNDREDFORTYONE","PROVIDER","","",
"VEHU,ONEHUNDREDFORTYONE","CLINICAL COORDINATOR","","",
"VEHU,ONEHUNDREDFORTYTWO","PROVIDER","","",
"VEHU,ONEHUNDREDFORTYTWO","CLINICAL COORDINATOR","","",
"VEHU,ONEHUNDREDFORTYTHREE","PROVIDER","","",
"VEHU,ONEHUNDREDFORTYTHREE","CLINICAL COORDINATOR","","",
"VEHU,ONEHUNDREDFORTYFOUR","PROVIDER","","",
"VEHU,ONEHUNDREDFORTYFOUR","CLINICAL COORDINATOR","","",
"VEHU,ONEHUNDREDFORTYFIVE","PROVIDER","","",
"VEHU,ONEHUNDREDFORTYFIVE","CLINICAL COORDINATOR","","",
"VEHU,ONEHUNDREDFORTYSIX","PROVIDER","","",
"VEHU,ONEHUNDREDFORTYSIX","CLINICAL COORDINATOR","","",
"VEHU,ONEHUNDREDFORTYSEVEN","PROVIDER","","",
"VEHU,ONEHUNDREDFORTYSEVEN","CLINICAL COORDINATOR","","",
"VEHU,ONEHUNDREDFORTYEIGHT","PROVIDER","","",
"VEHU,ONEHUNDREDFORTYEIGHT","CLINICAL COORDINATOR","","",
"VEHU,ONEHUNDREDFORTYNINE","PROVIDER","","",
"VEHU,ONEHUNDREDFORTYNINE","CLINICAL COORDINATOR","","",
"VEHU,ONEHUNDREDFIFTY","PROVIDER","","",
"VEHU,ONEHUNDREDFIFTY","CLINICAL COORDINATOR","","",
"VEHU,ONEHUNDREDFIFTYONE","PROVIDER","","",
"VEHU,ONEHUNDREDFIFTYONE","CLINICAL COORDINATOR","","",
"VEHU,ONEHUNDREDFIFTYTWO","PROVIDER","","",
"VEHU,ONEHUNDREDFIFTYTWO","CLINICAL COORDINATOR","","",
"VEHU,ONEHUNDREDFIFTYTHREE","PROVIDER","","",
"VEHU,ONEHUNDREDFIFTYTHREE","CLINICAL COORDINATOR","","",
"VEHU,ONEHUNDREDFIFTYFOUR","PROVIDER","","",
"VEHU,ONEHUNDREDFIFTYFOUR","CLINICAL COORDINATOR","","",
"VEHU,ONEHUNDREDFIFTYSIX","PROVIDER","","",
"VEHU,ONEHUNDREDFIFTYSIX","CLINICAL COORDINATOR","","",
"VEHU,ONEHUNDREDFIFTYSEVEN","PROVIDER","","",
"VEHU,ONEHUNDREDFIFTYSEVEN","CLINICAL COORDINATOR","","",
"VEHU,ONEHUNDREDFIFTYEIGHT","PROVIDER","","",
"VEHU,ONEHUNDREDFIFTYEIGHT","CLINICAL COORDINATOR","","",
"VEHU,ONEHUNDREDFIFTYNINE","PROVIDER","","",
"VEHU,ONEHUNDREDFIFTYNINE","CLINICAL COORDINATOR","","",
"VEHU,ONEHUNDREDSIXTY","PROVIDER","","",
"VEHU,ONEHUNDREDSIXTY","CLINICAL COORDINATOR","","",
"VEHU,ONEHUNDREDSIXTYONE","PROVIDER","","",
"VEHU,ONEHUNDREDSIXTYONE","CLINICAL COORDINATOR","","",
"VEHU,ONEHUNDREDSIXTYTWO","PROVIDER","","",
"VEHU,ONEHUNDREDSIXTYTWO","CLINICAL COORDINATOR","","",
"VEHU,ONEHUNDREDSIXTYTHREE","PROVIDER","","",
"VEHU,ONEHUNDREDSIXTYTHREE","CLINICAL COORDINATOR","","",
"VEHU,ONEHUNDREDSIXTYFOUR","PROVIDER","","",
"VEHU,ONEHUNDREDSIXTYFOUR","CLINICAL COORDINATOR","","",
"VEHU,ONEHUNDREDSIXTYFIVE","PROVIDER","","",
"VEHU,ONEHUNDREDSIXTYFIVE","CLINICAL COORDINATOR","","",
"VEHU,ONEHUNDREDSIXTYSIX","PROVIDER","","",
"VEHU,ONEHUNDREDSIXTYSIX","CLINICAL COORDINATOR","","",
"VEHU,ONEHUNDREDSIXTYSEVEN","PROVIDER","","",
"VEHU,ONEHUNDREDSIXTYSEVEN","CLINICAL COORDINATOR","","",
"VEHU,ONEHUNDREDSIXTYEIGHT","PROVIDER","","",
"VEHU,ONEHUNDREDSIXTYEIGHT","CLINICAL COORDINATOR","","",
"VEHU,ONEHUNDREDSIXTYNINE","PROVIDER","","",
"VEHU,ONEHUNDREDSIXTYNINE","CLINICAL COORDINATOR","","",
"VEHU,ONEHUNDREDSEVENTY","PROVIDER","","",
"VEHU,ONEHUNDREDSEVENTY","CLINICAL COORDINATOR","","",
"VEHU,ONEHUNDREDSEVENTYONE","PROVIDER","","",
"VEHU,ONEHUNDREDSEVENTYONE","CLINICAL COORDINATOR","","",
"VEHU,ONEHUNDREDSEVENTYTWO","PROVIDER","","",
"VEHU,ONEHUNDREDSEVENTYTWO","CLINICAL COORDINATOR","","",
"VEHU,ONEHUNDREDSEVENTYTHREE","PROVIDER","","",
"VEHU,ONEHUNDREDSEVENTYTHREE","CLINICAL COORDINATOR","","",
"VEHU,ONEHUNDREDSEVENTYFOUR","PROVIDER","","",
"VEHU,ONEHUNDREDSEVENTYFOUR","CLINICAL COORDINATOR","","",
"VEHU,ONEHUNDREDSEVENTYFIVE","PROVIDER","","",
"VEHU,ONEHUNDREDSEVENTYFIVE","CLINICAL COORDINATOR","","",
"VEHU,ONEHUNDREDSEVENTYSIX","PROVIDER","","",
"VEHU,ONEHUNDREDSEVENTYSIX","CLINICAL COORDINATOR","","",
"VEHU,ONEHUNDREDSEVENTYSEVEN","PROVIDER","","",
"VEHU,ONEHUNDREDSEVENTYSEVEN","CLINICAL COORDINATOR","","",
"VEHU,ONEHUNDREDSEVENTYEIGHT","PROVIDER","","",
"VEHU,ONEHUNDREDSEVENTYEIGHT","CLINICAL COORDINATOR","","",
"VEHU,ONEHUNDREDSEVENTYNINE","PROVIDER","","",
"VEHU,ONEHUNDREDSEVENTYNINE","CLINICAL COORDINATOR","","",
"VEHU,ONEHUNDREDEIGHTY","PROVIDER","","",
"VEHU,ONEHUNDREDEIGHTY","CLINICAL COORDINATOR","","",
"VEHU,ONEHUNDREDEIGHTYONE","PROVIDER","","",
"VEHU,ONEHUNDREDEIGHTYONE","CLINICAL COORDINATOR","","",
"VEHU,ONEHUNDREDEIGHTYTWO","PROVIDER","","",
"VEHU,ONEHUNDREDEIGHTYTWO","CLINICAL COORDINATOR","","",
"VEHU,ONEHUNDREDEIGHTYTHREE","PROVIDER","","",
"VEHU,ONEHUNDREDEIGHTYTHREE","CLINICAL COORDINATOR","","",
"VEHU,ONEHUNDREDEIGHTYFOUR","PROVIDER","","",
"VEHU,ONEHUNDREDEIGHTYFOUR","CLINICAL COORDINATOR","","",
"VEHU,ONEHUNDREDEIGHTYFIVE","PROVIDER","","",
"VEHU,ONEHUNDREDEIGHTYFIVE","CLINICAL COORDINATOR","","",
"VEHU,ONEHUNDREDEIGHTYSIX","PROVIDER","","",
"VEHU,ONEHUNDREDEIGHTYSIX","CLINICAL COORDINATOR","","",
"VEHU,ONEHUNDREDEIGHTYSEVEN","PROVIDER","","",
"VEHU,ONEHUNDREDEIGHTYSEVEN","CLINICAL COORDINATOR","","",
"VEHU,ONEHUNDREDEIGHTYEIGHT","PROVIDER","","",
"VEHU,ONEHUNDREDEIGHTYEIGHT","CLINICAL COORDINATOR","","",
"VEHU,ONEHUNDREDEIGHTYNINE","PROVIDER","","",
"VEHU,ONEHUNDREDEIGHTYNINE","CLINICAL COORDINATOR","","",
"VEHU,ONEHUNDREDNINTY","PROVIDER","","",
"VEHU,ONEHUNDREDNINTY","CLINICAL COORDINATOR","","",
"VEHU,ONEHUNDREDNINTYONE","PROVIDER","","",
"VEHU,ONEHUNDREDNINTYONE","CLINICAL COORDINATOR","","",
"VEHU,ONEHUNDREDNINTYTWO","PROVIDER","","",
"VEHU,ONEHUNDREDNINTYTWO","CLINICAL COORDINATOR","","",
"VEHU,ONEHUNDREDNINTYTHREE","PROVIDER","","",
"VEHU,ONEHUNDREDNINTYTHREE","CLINICAL COORDINATOR","","",
"VEHU,ONEHUNDREDNINTYFOUR","PROVIDER","","",
"VEHU,ONEHUNDREDNINTYFOUR","CLINICAL COORDINATOR","","",
"VEHU,ONEHUNDREDNINTYFIVE","PROVIDER","","",
"VEHU,ONEHUNDREDNINTYFIVE","CLINICAL COORDINATOR","","",
"VEHU,ONEHUNDREDNINTYSIX","PROVIDER","","",
"VEHU,ONEHUNDREDNINTYSIX","CLINICAL COORDINATOR","","",
"VEHU,ONEHUNDREDNINTYSEVEN","PROVIDER","","",
"VEHU,ONEHUNDREDNINTYSEVEN","CLINICAL COORDINATOR","","",
"VEHU,ONEHUNDREDNINTYEIGHT","PROVIDER","","",
"VEHU,ONEHUNDREDNINTYEIGHT","CLINICAL COORDINATOR","","",
"VEHU,ONEHUNDREDNINTYNINE","PROVIDER","","",
"VEHU,ONEHUNDREDNINTYNINE","CLINICAL COORDINATOR","","",
"VEHU,TWOHUNDRED","PROVIDER","","",
"VEHU,TWOHUNDRED","CLINICAL COORDINATOR","","",
"LABTECH,FIFTYNINE","MEDICAL INFORMATION SECTION","APR 24,2007","",
"LABTECH,FIFTYNINE","CLINICAL COORDINATOR","APR 24,2007","",
"PROVIDER,TWO","PROVIDER","","",
"PROVIDER,FOUR","PROVIDER","","",
"PROVIDER,SIX","PROVIDER","","",
"PROVIDER,SEVEN","PROVIDER","","",
"LABTECH,FIFTYNINE","CHIEF, MIS","MAR  1,2011","",
"AVIVAUSER,FIFTYSEVEN","PROVIDER","SEP 22,2010","",
"AVIVAUSER,FIFTYSEVEN","CLINICAL COORDINATOR","SEP 22,2010","",
"AVIVAUSER,SEVEN","PROVIDER","NOV 28,2011","",
"AVIVAUSER,SEVEN","CLINICAL COORDINATOR","NOV 28,2011","",
"AVIVAUSER,TWELVE","CHIEF, MIS","NOV 29,2011","",
"AVIVAUSER,TWENTYNINE","CHIEF, MIS","SEP 14,2011","",
"AVIVAUSER,TWENTYNINE","TRANSCRIPTIONIST","SEP 14,2011","",
"AVIVAUSER,TWENTYNINE","CLINICAL COORDINATOR","SEP 14,2011","",
"AVIVAUSER,THIRTY","CLINICAL COORDINATOR","JAN 19,2012","",
"AVIVAUSER,TWENTYNINE","CLINICAL SERVICE CHIEF","JAN  1,2001","",
"AVIVAUSER,SEVEN","PHYSICIAN","OCT 24,2012","",